distance,relative_distance,errors
0.0,0.0,0.0
0.00831302529282818,0.005348732246468162,0.006590637393752965
0.009420030539672357,0.00606099696986713,0.005800342601394545
0.014244651167447627,0.00916523435875371,0.005790095696822219
0.027407228167170047,0.017634245045606026,0.004364958875716796
0.035477685275787055,0.02282690507730818,0.0015388498755644568
0.05849090359432808,0.03763397453511265,0.002388665620075323
0.07989951448308794,0.05140861413732683,0.001170571103337195
0.11675377861515615,0.07512123187146398,0.006925819067473388
0.1425540611693896,0.09172154263737406,2.2872805734530664e-05
0.1794368197780934,0.11545249416945581,0.001393754132677789
0.20569195020756992,0.13234546126827143,0.00903084838587871
0.24107040036985863,0.15510851690053962,0.009855885628127229
0.28981962581224974,0.18647454129349014,0.007244582669696983
0.3410918183361799,0.2194638826992552,0.0033637409382780647
0.39247549702305284,0.2525249560694691,0.002058262939073637
0.4530379600900293,0.2914918048063949,0.0028660802966830883
0.49775132716729803,0.3202610939532333,0.00196198994599298
0.5357950912956645,0.3447390548402252,0.010603463056426796
0.5907778264476196,0.380115818190145,0.002534896635810427
0.6440694491694386,0.4144044929960212,0.007219593546704347
0.7070396655520486,0.4549205283824788,0.009635731623686706
0.7672355475914583,0.49365151307544686,0.015269916925067179
0.8329038915628536,0.53590356652162,0.021543144888601644
0.9078817201870403,0.5841454899617343,0.022380988206186822
0.972540846980798,0.6257481970783134,0.038589120459863416
1.050976592855272,0.676214999290081,0.04307241859817249
1.1215925487956655,0.7216504247036681,0.050843118133071484
1.174777874193866,0.755870706126567,0.06266639245007256
1.2466232863936586,0.8020971831860506,0.06308263604407201
1.3152764612271264,0.8462697241226194,0.08498889913946435
1.3868791949128148,0.8923400579793348,0.09534497874534449
1.4606795831419246,0.9398243976051818,0.0967756833165208
1.5379857998123783,0.9895644428224671,0.09823790747064512
1.603422337539851,1.0316673484568477,0.11031903720842663
1.7028227841604227,1.0956231714484448,0.10081384800676053
1.7805378209139067,1.1456262579875212,0.10127981255728287
1.847528983505927,1.1887294339027272,0.10089747154226497
1.9184667544188587,1.234371920170862,0.11328542990188857
1.9951381085484372,1.2837034847658904,0.11861253051440873
2.0836222530899464,1.340635585961183,0.11361422695538811
2.1665902076699877,1.394018483095951,0.12254111300254725
2.2441139541869433,1.4438984904646277,0.1290322585921422
2.322026490925327,1.4940286516246393,0.13302324649560854
2.4104670604218703,1.550932715945275,0.13943833572272255
2.497953170649441,1.607222666042742,0.14374924778063808
2.5715837296892965,1.6545977348761927,0.1415110070315508
2.6436635825658996,1.700975054783348,0.14578967186282948
2.719608286887402,1.7498390813734457,0.14532131392677997
2.789077501438729,1.7945366751998548,0.15425682947280178
2.8771130144886166,1.851180119782002,0.14682162445903899
2.95883453142367,1.9037610391782072,0.14760133021973298
3.042301124339881,1.9574647681225812,0.14676523875834394
3.133943450235478,2.0164288932626793,0.14746496342496682
3.22944827150173,2.077878209150204,0.13343241038246578
3.2940345954930472,2.119434073789667,0.1375161390092976
3.3737834075843818,2.170745723619296,0.136185655941897
3.4561914584198905,2.2237683698095756,0.12626786069831533
3.533879221706553,2.2737539081677767,0.12568583648767023
3.6212666155283717,2.3299803425649896,0.13480470649541482
3.7051042767512286,2.38392282273981,0.14605146418279435
3.806468366665546,2.4491420849530923,0.14509619075448388
3.9073676600275147,2.514062289696919,0.1253637475691292
4.015664072479373,2.58374191811785,0.1647125765023415
4.092208683254707,2.632991934029698,0.15373270125295366
4.163328819973847,2.6787517573483,0.15645753120170924
4.235457908310013,2.7251607561305895,0.15699577983431393
4.305151027468141,2.7700024137302144,0.1639839092015503
4.379091484719934,2.8175768759855457,0.16629222309998676
4.458595943153763,2.8687313047985894,0.1665881642876798
4.547058268141798,2.9256493669473063,0.16197776349351298
4.637888601787656,2.984091043402711,0.1509456117281775
4.7578858779600175,3.0612991930164477,0.11065498325002678
4.833596977224081,3.1100129144096225,0.14278431508524778
4.890252022634276,3.1464656686881476,0.16579578395758376
4.963277379106303,3.1934513405961518,0.1695318000695331
5.035378350446117,3.239842248457294,0.16741735405032374
5.108471114356644,3.286871291379731,0.17729542884207689
5.18640425081972,3.337014706729144,0.18972672003779417
5.276029277853422,3.3946808698044943,0.2028133978524201
5.3396423117499126,3.4356105041689378,0.2134827502586157
5.448882644235281,3.5058974657018807,0.2216396648715188
5.520556175523219,3.5520133518581245,0.21818277380261514
5.5766064220595135,3.588076968954275,0.22513201892245352
5.656143590504844,3.6392524439072176,0.24612817439698406
5.717170070446729,3.678517848456775,0.25329291647889707
5.780887183961366,3.7195144492973418,0.2595396640857893
5.860639052098029,3.770828065434978,0.27115985794316366
5.932772243311842,3.8172397040737813,0.2781880332769021
5.992971173934877,3.8559726502737783,0.2800103292789997
6.076405313642846,3.909655498309541,0.26816626997219406
6.18435456777788,3.979111759566482,0.30038458575063315
6.245511060310978,4.018460816278108,0.30426613312516393
6.29409747278246,4.049722084224762,0.3101074012322846
6.355834251973182,4.089444506570257,0.3142872052876841
6.417872304552685,4.129360772989698,0.3195585759515089
6.486947919608049,4.173805118661302,0.329256363419344
6.558138627362286,4.219610348502536,0.35068256399698683
6.631346000894123,4.266713133072045,0.3739136407382526
6.701277300519126,4.3117080397595515,0.4036039903587847
6.783534389192662,4.3646335545018555,0.44422277291725154
6.847487715743504,4.4057821385542235,0.4719122989574311
6.902703893573287,4.441309102623451,0.5040800034061044
6.966969649825242,4.4826587088979615,0.543443720897135
7.031109741411698,4.52392746053473,0.5907790597299659
7.088501493579419,4.560854223618878,0.6371954906577818
7.15202520715975,4.601726387876052,0.6896336088003991
7.209831860065802,4.638920104672,0.7223047805501959
7.274745649126776,4.680686665528058,0.6902755075763486
7.336710958803546,4.720556128010803,0.6559153209189758
7.4001781273748275,4.761391910312838,0.6369663038116636
7.4404413011986374,4.7872978745786225,0.630047196820734
7.476101900504095,4.810242469442064,0.6307658840703114
7.537681220390876,4.8498635799754535,0.6057452739647115
7.580231969608046,4.87724140651059,0.5929311564483427
7.627700153718274,4.907783188604132,0.5843913430210407
7.682374498818349,4.942961528906259,0.5687125520624906
7.747014872596141,4.984552170035104,0.5419457150253166
7.802048204067983,5.019961487859262,0.5501953446357974
7.901909132746421,5.084213592306174,0.5204318489321283
7.990327209940005,5.141103184722551,0.5050120915806801
8.015025878557632,5.1569946996195295,0.5154011852909192
8.045080891019023,5.176332571051117,0.5039044765580004
8.107047818462101,5.216203074430348,0.505211373331387
8.155776104047709,5.247555625787519,0.5065658733880458
8.2321426452624,5.2966910689213975,0.5085161918151118
8.307467470500807,5.345156255483483,0.495881401585227
8.382490215102234,5.393427078575335,0.4844645806569619
8.443560769131585,5.432720841091403,0.47141181534224336
8.529646007959775,5.48810944832474,0.45240459844203335
8.603341803252773,5.535526491197548,0.45121726553989283
8.637692442196379,5.557628236799472,0.46111356137365517
8.713483650779484,5.6063935017983635,0.4655766090596823
8.788889406140854,5.654910760084418,0.45558133427481784
8.85543592952267,5.697727848083627,0.44425336891930506
8.936488448711852,5.749878323725589,0.44368532954024315
9.008869242502016,5.796449273786863,0.4412876972510864
9.071223250090208,5.836568830667222,0.4562710508906941
9.14630998043164,5.884880823198458,0.4634750658169651
9.253651154736659,5.953945836253852,0.4451286006700919
9.323809567060408,5.9990868708517855,0.43578211853620485
9.376171476547821,6.0327773534253915,0.4608317371927859
9.450687436711226,6.080722103376578,0.47091348805256056
9.51681136456332,6.123267286713234,0.48289452152195683
9.599811111207462,6.176670639365993,0.47941426757670996
9.684461232369417,6.2311358691442535,0.4737659265368819
9.777530940482023,6.291018394628778,0.461337470397766
9.856183966647308,6.341624998423849,0.446152237877832
9.949444607608946,6.4016303731299935,0.4392647821576392
10.022244705266939,6.448471109946381,0.47290891163508414
10.089837191842264,6.491961187244271,0.457494427238236
10.169041824822417,6.542922703607766,0.45139200848534256
10.247619658681208,6.593480927480937,0.4424279144539146
10.33581007867501,6.65022404164629,0.4463905000539453
10.411813644693314,6.69912594078515,0.4516858810636689
10.494491713445836,6.752322320783397,0.45729197233884217
10.57529551390815,6.804312766853954,0.451654797874831
10.689402664474235,6.8777311162858945,0.4509695626626389
10.758367117483512,6.922103938534972,0.4313065454850164
10.832740698961896,6.969957079783315,0.45252037534388173
10.913038016407427,7.021621646652411,0.4704991522035502
10.98885252274273,7.0704019017943684,0.48509622479143477
11.087065752740859,7.133593850792043,0.47747595582643193
11.180459670800337,7.193684978095566,0.4599838939660142
11.261125637054176,7.245586739451524,0.44780221507843365
11.341357466045062,7.297209170010818,0.43486133279023154
11.450143015419878,7.367203516881483,0.44886930335033304
11.524181048671858,7.414840761082051,0.4495699932348348
11.602544643605924,7.465261140235066,0.4546510214429665
11.690127174931968,7.521613129195701,0.43403805654625083
11.772987916469031,7.574927043759139,0.42669988460814046
11.8724412668915,7.638916905895476,0.4387300676696632
11.956773233245952,7.693177429827393,0.4516560751080123
12.039264451769332,7.746253587426373,0.45675645168207113
12.152408941721268,7.819052545759653,0.45242875951266415
12.239224676661394,7.874911165770793,0.4627451993084255
12.305272607010176,7.917407451109152,0.4606307751905781
12.38219909511971,7.9669031729511115,0.46729340692675553
12.454859456244094,8.013654001066756,0.46460239147884885
12.540567729142387,8.06880006244536,0.4759609029300776
12.633510312138306,8.128600793614698,0.46800717479696813
12.735064755983931,8.19394253256476,0.4628306166254022
12.821882755708598,8.249802609774173,0.4436690493022437
12.914566585361916,8.309436854941278,0.4382112031333819
13.008665547656092,8.36998161888134,0.4505041726409939
13.073641329527135,8.411788066894072,0.4610566417903768
13.14757145600388,8.45935588216498,0.4531310072813831
13.227524882671167,8.510799184256204,0.44449718575927855
13.305051541615304,8.560681065526694,0.43228071937740803
13.413220242053704,8.630278522013752,0.44208432225030964
13.514264349583542,8.695291902488691,0.45433001863484734
13.583715557882229,8.73997791080673,0.4568445069563073
13.687904123889878,8.80701448571035,0.4749802274495179
13.779994730555416,8.866267041803706,0.4644588579920271
13.850470240680757,8.911612102153626,0.46248937766031967
13.94173065226212,8.970330497570071,0.4853843096623328
14.016142679700737,9.01820837555865,0.5037815618904598
14.105899431075773,9.075959292163231,0.5059320070308172
14.216068244164576,9.146843652834137,0.47968267961004724
14.313776801232567,9.209710887268791,0.4741607468399375
14.384715861503356,9.25535420313021,0.4841440421664407
14.49693378114128,9.327556991436023,0.46404018164352095
14.578635710230948,9.380125307702011,0.4796082142300677
14.652903023866156,9.42791007453556,0.46464888761932743
14.735224567935667,9.480877060901346,0.46470243793548455
14.813808478048202,9.531439194332492,0.4569246949410475
14.915688909466631,9.596990678854253,0.46663527657806564
15.013361862013928,9.659835004775912,0.48152608871117863
15.097252272275794,9.713811424518576,0.4768672878505029
15.182935603031922,9.768941437727545,0.4768045688522774
15.283395011974136,9.833578613862919,0.4840032990833905
15.347263800007568,9.87467280449313,0.4592731350243795
15.44796803400986,9.939467504952978,0.4749629099173693
15.527490584585944,9.990633574537133,0.47945434558687827
15.613055454713693,10.045687368300037,0.48722609681828405
15.713821272656181,10.110521692843196,0.47663152752299587
15.801702205537714,10.167065678094712,0.4840953277387517
15.895508489047458,10.227422127865504,0.479163515902345
16.026764250951377,10.31187416566165,0.47056883127030175
16.142841891035662,10.38656035928461,0.4919960912319201
16.217978107090826,10.434904191708478,0.501136013986924
16.307852264496578,10.49273064921427,0.5112816424481329
16.41609595257738,10.562376353939108,0.521484509226131
16.521582232107114,10.630247898293414,0.5359821716009822
16.614888124545093,10.690282388516733,0.5456915740805557
16.726609993323677,10.762166009836548,0.5773380936361506
16.82763712394288,10.827168467098076,0.5759191573550732
16.936350522045412,10.897116390696457,0.580754056081076
17.005339901582918,10.941505251068918,0.5896199888560011
17.08970614326165,10.995787828287789,0.5624155863951834
17.197462569049225,11.065120020729378,0.5693901299606271
17.27240759021646,11.113340835331643,0.5702828006187002
17.36202593079371,11.171002696234924,0.5502482316386009
17.449432184577496,11.227241265430623,0.5341843503776548
17.5382763383236,11.284405002254799,0.5257458683791042
17.633827012936518,11.345883820912409,0.4917448374052749
17.74520286913832,11.417544812255539,0.49176641877540844
17.819971425821965,11.465652086811856,0.5016307029338125
17.886513570732735,11.508466357633388,0.49835717935086565
17.97445427936211,11.565048803548596,0.4855840256348898
18.063127312663287,11.622102438766008,0.45699048218283717
18.173158384680463,11.692898174648041,0.45926226179926327
18.271229338256507,11.755998580740469,0.4621335348723103
18.35736855537087,11.81142191845876,0.45931020795891764
18.458867472178067,11.876727930432116,0.4606151447227967
18.543938184624366,11.931463775309684,0.45240466162648685
18.61736747825029,11.978709346785473,0.4436761773777484
18.705471783779185,12.035397053539072,0.45365303231624493
18.785905321633884,12.08714926677871,0.46190674811710275
18.87825431829259,12.14656807508951,0.4516281825300223
18.974935459132404,12.208774253636973,0.42697512075002614
19.071751345455336,12.271067129564178,0.4217846764396623
19.16911328772194,12.33371134654129,0.41106812491541844
19.263927285398154,12.394716175580465,0.39535910059222823
19.339571261015745,12.443386708555497,0.41412943348604464
19.42295514739269,12.497037222801492,0.40882993724842004
19.516969025769622,12.557527242400502,0.3872986749607606
19.59000873254613,12.604522147521882,0.3681215258024733
19.6822157764121,12.663849621155684,0.37662516478512664
19.775815769478363,12.72407334038515,0.39379190177571716
19.865824508741255,12.781986389991138,0.37951387196992464
19.973039127884,12.850969975449047,0.3686619892206077
20.061604653209226,12.907954438330584,0.3470304726503594
20.132838236811722,12.953787255172228,0.35222158525132663
20.22227643386407,13.01133320887606,0.3682417520610048
20.3002581304722,13.061507868592548,0.37008358674182606
20.39565939177711,13.122890552359372,0.3525654271171904
20.496745993278576,13.187931274129246,0.3346031994885969
20.585517651393975,13.245048366115473,0.3272579122242052
20.67763864989184,13.3043204767955,0.30641502421657296
20.782352784242605,13.371695210702075,0.2926818333188108
20.850231430018173,13.415369407365423,0.30781275018143284
20.931917938671177,13.46792780187803,0.3092509183314326
21.015645395818694,13.521799375003887,0.29807914783743905
21.10024947464337,13.576234980412508,0.28462884459141746
21.200328520418218,13.64062742485671,0.28724148429747814
21.287946319557527,13.697002105687444,0.2919190916354238
21.363548309842876,13.745645624634184,0.30198855705254984
21.44519668740697,13.798179484999753,0.31347598745230076
21.56097535023706,13.87267331191816,0.27246264174081397
21.64629289475253,13.927567972461663,0.26340047497058827
21.740943472326066,13.98846765441634,0.2720060144064797
21.811461920317246,14.033840341669764,0.27296492883544743
21.893821893541013,14.086832053962553,0.273609324648381
21.998671421305456,14.154293902137663,0.2562041883808779
22.09221175577617,14.214479236081079,0.25322659934748837
22.17469580265992,14.26755077933344,0.24133000511678893
22.293597156405472,14.344053795085868,0.2210078805869402
22.37133037956346,14.394068583045883,0.2411807596910206
22.451732821920057,14.445800788949134,0.23806217119857268
22.54019210852345,14.502716896153009,0.2215693095371662
22.619071639640257,14.55346923682431,0.2156429468132941
22.713575905526028,14.614274779519832,0.2081833822414699
22.80867099063863,14.675460464671206,0.20444025536627936
22.891623107490204,14.72883317156043,0.20463044810590605
22.986349551689983,14.789781667305022,0.20326496308962247
23.084012719717652,14.852619697711653,0.18352627223793505
23.161143211375755,14.902246678670505,0.17467205773330818
23.247184483837515,14.957606997246753,0.18781680313681332
23.331439663586842,15.011818115459755,0.19123061140504985
23.41569891701461,15.06603185474204,0.19118786147240688
23.524912640554472,15.136301695657655,0.1618656170270069
23.6197171190917,15.197300399931917,0.14709072742938795
23.696366003133146,15.246617506916058,0.15068398047325937
23.805900817011906,15.317093942445451,0.13523250860054256
23.87413399042472,15.360996247810363,0.1558191232595383
23.958913990987668,15.41554504405399,0.1530429470358582
24.05710312809998,15.478721491307027,0.12745331070879692
24.146801868103317,15.536435082475494,0.10907596841298077
24.25074767369658,15.60331546148041,0.11331948071265686
24.341237077626378,15.661537778352288,0.11901654489473495
24.415454141439493,15.709290213653777,0.12710829552272837
24.52438664029036,15.779379110146685,0.11626028907094575
24.630798928630746,15.847846463248297,0.0938430325001872
24.71428166034447,15.901560576150814,0.08115576225440257
24.79851958808326,15.95576059414677,0.10520258222119167
24.875376459718556,16.005211523645688,0.10588324668504343
24.959631502601777,16.059422553796868,0.10628210843181031
25.063774894943982,16.12643006324808,0.08466258691342879
25.167422576076255,16.193118624249106,0.06229315993924174
25.25907386241103,16.252088514677805,0.04370483212466276
25.378427855272378,16.3288827656123,0.048328151023723113
25.45397867343602,16.37749335960478,0.07966725865760173
25.520063111005683,16.420013134267744,0.06434654631903017
25.61564633793279,16.481512897600304,0.04550578074134554
25.705358260915208,16.53923497090648,0.034190659368868295
25.800535120880816,16.600473271294526,0.028227583106413844
25.89048852590348,16.65835071797322,0.03852757657541118
25.975201659830503,16.712856491163368,0.032867698964074404
26.065326112043074,16.770843992315392,0.036954282132450805
26.17500934241027,16.84141592136605,0.019788778587482837
26.2517635642693,16.89080080437178,0.014760097279555613
26.328741230130245,16.940329454790238,0.020242205538184063
26.404797957354297,16.989265558691553,0.029827626009878327
26.484812435360265,17.040748142181837,0.03285710642303292
26.59368794685538,17.110800372106723,0.014025932967815954
26.678089484320783,17.16510565919423,0.009039225602082068
26.770077128552764,17.22429196762573,0.014756733833154715
26.900922194764725,17.308479757303573,0.04311158378108471
27.0133313877319,17.380805613901373,0.0232748367597316
27.088709947080655,17.429305373841817,0.023942951649472504
27.16966951146766,17.481396040890594,0.023601006592143287
27.25960569447159,17.53926240664945,0.03851582923455011
27.354967268305515,17.60061955486834,0.05078626844690895
27.450144594992754,17.661858155552483,0.05858786938849115
27.53838413774813,17.718632876081298,0.05661695059645121
27.62279675473599,17.772945291909174,0.042420554065117355
27.72486376520692,17.83861682435085,0.04990544224632648
27.813792180019536,17.89583477608088,0.07126810090342726
27.886657042648537,17.94271718370623,0.0723001762772859
27.965347568050696,17.99334791510472,0.07864747355496603
28.04235138280948,18.04289339013854,0.08154182965945211
28.137938581356636,18.104395708874396,0.10010184327473887
28.211877018434777,18.151968871317976,0.10286223175555116
28.30346277069252,18.21089659608271,0.11989386097356625
28.40112308854518,18.27373279264156,0.13769891475281204
28.485534507387406,18.32804443756354,0.1452331690501424
28.561740185937836,18.37707637910934,0.14940886815238313
28.6443909446369,18.430255187386287,0.14924426604744423
28.73132451663988,18.486189625631553,0.16019090870610278
28.828038382780008,18.548416860155978,0.1703435311845334
28.929267367183122,18.61354919334174,0.1800130470098767
29.02246085955289,18.673511363579475,0.1882139982578122
29.107630677978513,18.728310974815106,0.1874497278268489
29.207467698829124,18.792547696586624,0.189892311898883
29.30109233511564,18.852787271654627,0.21277755077581212
29.37980187764265,18.903430238972696,0.209409027460128
29.472876778430237,18.963316105506614,0.22030844647183537
29.547984957009014,19.011641898173743,0.20533812324351003
29.6525154414184,19.07889846879693,0.22060665480368066
29.747123685105358,19.139770912457926,0.23481409359229446
29.837632364967128,19.198005631769988,0.24214988009620586
29.942821062191523,19.265685706951942,0.2618605500167041
30.028100807926528,19.320556047160935,0.26695793905989135
30.11180858614488,19.374414958551828,0.2697715758081186
30.197281895972445,19.429409840966233,0.2788934040483782
30.292963252653433,19.49097274253793,0.300600350385075
30.3869980486268,19.55147622085006,0.3138486669683264
30.48926404899047,19.617275786542994,0.31712283448425155
30.58754039530417,19.68050834557859,0.32621147673680206
30.67899169785905,19.739349563273286,0.32625813891648664
30.782356334102406,19.805856008706122,0.3320109571831703
30.878007063619012,19.867399204274776,0.36776107057849344
30.957520895679778,19.918559664227978,0.3630132033591935
31.044109092931812,19.974271882883805,0.3647398147343424
31.123518110436304,20.025364903490043,0.3551547721955086
31.22217216787219,20.088840487848906,0.3691048197938392
31.327535738579417,20.1566330794017,0.3898717019498774
31.429450345506833,20.22220655298767,0.3992650939248963
31.527478418348874,20.285279368936123,0.41483636469671953
31.62779846759436,20.349826878833575,0.4181111392535281
31.703230189725897,20.398360844551167,0.4125150780599837
31.788582359400674,20.453277783471027,0.4128512363524721
31.879576086732637,20.51182459001409,0.4240298561561097
31.974754043401134,20.573063596038157,0.43309608671034067
32.07391864781032,20.636867674412525,0.4313956214842697
32.164190515146785,20.694950024791993,0.43320793382038875
32.25127736234218,20.75098308272568,0.42086644317575955
32.36936663230205,20.826963590897734,0.4481975880515972
32.45418474734487,20.881536910601884,0.4654204910083494
32.53755139871946,20.935176335574162,0.4615669602459396
32.62066917940781,20.988655633201976,0.4663758243756585
32.69889811113369,21.03898936791224,0.45841689128445706
32.80947340473308,21.110135264586948,0.48866373268721663
32.90518789945722,21.171719487700887,0.4962299957991036
32.994619755002844,21.229261361178775,0.505767090293108
33.09560627246033,21.294237687288277,0.5218039549769841
33.189140063579686,21.35441881113571,0.5207704887998189
33.26266947899896,21.40172880256041,0.5228693669164083
33.34436935903507,21.454295800432863,0.5239987798827747
33.437918442306525,21.514486763493355,0.5352446855469912
33.54524247108941,21.58354074484803,0.5429933023526207
33.65706103362186,21.65548658046181,0.5523369776292406
33.74414815705648,21.711519816132192,0.5542156803290069
33.82660111558531,21.764571356644208,0.5452526110077
33.94785432521778,21.842587593754477,0.5665660774424565
34.05082964222805,21.908843545021497,0.5929221849429329
34.12344255754977,21.955563845755623,0.5821342284772613
34.208754459678076,22.01045487589779,0.5873208188634237
34.28493920493613,22.059473348631446,0.5770757538637837
34.401106746236614,22.13421738612197,0.6004210165605951
34.494437940472,22.19426815592281,0.6112137390000123
34.592326727183504,22.257251352966996,0.6244504120397427
34.717809473941024,22.337988941307593,0.660551127282437
34.810995584732574,22.397946362120894,0.6645847856628859
34.89746198599644,22.453580215307305,0.6697247653297791
34.97708955876196,22.50481385783289,0.6745720670701789
35.08159917507502,22.572057001592107,0.7062203377676237
35.18004805446515,22.635400571143972,0.7163128297124457
35.26898144197958,22.692621722389166,0.7107989506435592
35.35188893154858,22.745965715377377,0.7033770116268226
35.46791794801973,22.8206206237969,0.7228204690439496
35.557946596254304,22.878546483150846,0.7286798596635036
35.62669551322859,22.922780626098465,0.7271607546080652
35.69581067721677,22.96725041818035,0.7176762557008975
35.76796144229233,23.013673364120375,0.7125862375495683
35.85078449942705,23.06696303194199,0.7147935974446299
35.946969079378356,23.128849715342607,0.7251834546438879
36.04506674774577,23.191967310155267,0.7375109388162859
36.12068761342194,23.240622973827662,0.7327535163666132
36.22881791948127,23.310195726762622,0.7562516026404914
36.30382652808153,23.358457454527247,0.7480764218408581
36.38470775557245,23.410497718375336,0.7461530781545566
36.47025944369947,23.465543030630016,0.7521637509534947
36.56408629551132,23.52591271437242,0.7720342463063331
36.64960299050398,23.580935511489763,0.7690110286005383
36.740192233552406,23.639222066433156,0.7750792678591323
36.8175255386599,23.688979540780224,0.7567697921228614
36.93222973084155,23.762782036251558,0.7446588577737153
37.08873128701235,23.86347761826012,0.7573637407544853
37.17796718010032,23.92089340638647,0.7520157845965243
37.26939736087702,23.979721033994274,0.7500824409408613
37.34253108692345,24.026776432604258,0.7417270868669745
37.4223306587588,24.078120742057802,0.7346688073438375
37.55769327989719,24.165215198184857,0.7429795815817921
37.67591101650352,24.241278363833622,0.7441424029136217
37.77236448082165,24.30333805169804,0.7390756483516995
37.89938609703099,24.385065773037173,0.7327102875976105
38.00570254852832,24.453471463194813,0.7185891887917732
38.10123980940543,24.514941651242175,0.7136870177978853
38.19459609841805,24.575008567420483,0.7082872362723754
38.2834963518441,24.63220839966799,0.7276615255887092
38.38141802854882,24.69521275865516,0.7413064203966935
38.479456487990646,24.758292257506554,0.7344792128644553
38.57001283811024,24.816557648618137,0.739732162460293
38.6606630794614,24.87488345083642,0.7581500762370358
38.75641692972229,24.936492995926553,0.7641173794288607
38.826110778815845,24.9813351231782,0.7807013314698036
38.93077212256946,25.048675890777766,0.7638847776817203
39.019096393592896,25.105505126817313,0.7430417362519494
39.105265514347956,25.160947705012042,0.7599546670494607
39.214916095460374,25.23149862701464,0.7860071311267917
39.31198001108376,25.293951088925372,0.8027654162489593
39.39479191949035,25.34723358347859,0.825030101848309
39.51741940639855,25.426134052372284,0.8387727975081748
39.61467904986282,25.488712448678395,0.8329497649667927
39.695484883525246,25.540704202942134,0.8531851028071036
39.77934194898432,25.594659168110116,0.8611400128923813
39.86749221759032,25.651376448236103,0.8854748574724947
39.9819767039483,25.725037581497844,0.8738739569427718
40.07177916164742,25.782817906275852,0.8798312367336784
40.160081192552646,25.839632832670805,0.8815668759693048
40.26814920109255,25.90916550239426,0.8828858329467842
40.368053186106266,25.973445309969794,0.9135155869610967
40.44419205994945,26.022434268308004,0.95706418253661
40.54917214798637,26.089980121031985,0.9410208939677813
40.63357120710589,26.144283813512466,0.9498717975116076
40.73184381785865,26.207513969028938,0.9569383599431078
40.838961686336674,26.276435303575536,0.9978014646223072
40.94227497863436,26.342908713499856,1.0077403434234384
41.027265324228104,26.397592849070563,1.0136281889152
41.13379381131546,26.46613496628789,1.060324184357484
41.24193052713459,26.535711843363906,1.042100953471652
41.33603475098612,26.596259992673378,1.0606962899048122
41.42487163456019,26.653419051753623,1.063262015867235
41.51101162836408,26.70884288920627,1.1114986783216767
41.61897232807573,26.778306514728627,1.1340504124238433
41.72433509867029,26.846098591476252,1.1281966182383771
41.8193985779263,26.9072639409185,1.1398132550835913
41.91741358535201,26.97032835037098,1.1425556772211438
42.02100194892012,27.036978745510957,1.176296707142367
42.10044328178166,27.088092558330164,1.2039790891005124
42.196303638469274,27.14977063134352,1.1855094917203992
42.28244484536531,27.205195249318887,1.1822905538295445
42.36966238745817,27.2613123984213,1.1850440085011504
42.47518576895815,27.32920781477138,1.2149146116995586
42.57475400754239,27.393271597772134,1.2330182350752612
42.659247862820386,27.44763628360363,1.2314662889093075
42.77413534007818,27.521556707598275,1.2339215964161905
42.86875371904945,27.582435672461862,1.2227539139316712
42.94842103626625,27.633694887197407,1.2446766341011704
43.030821145299385,27.686712423506155,1.2525749518860465
43.109928404369136,27.737611287952184,1.2730761984925008
43.211061883582744,27.80268217158513,1.2863320433407752
43.3158765635822,27.870121598155862,1.2893362581212493
43.41239230795275,27.93222135799323,1.3163503130428502
43.497784872121706,27.98716428737096,1.3271226120343331
43.60517218463517,28.056258986481026,1.381345069734312
43.675762459556346,28.101677888319763,1.4242069300313422
43.76458644968187,28.158828651550845,1.4619066739084452
43.85089106930248,28.21435841186351,1.4951425604173452
43.92692824200925,28.263281934078442,1.5356414969008227
44.029123374248314,28.32903590209665,1.6086436853858934
44.12384693165151,28.38998254043056,1.6693637213741135
44.218242258920206,28.45071799029303,1.730409258454201
44.31331440345184,28.511888915110966,1.8087626710342661
44.40793290451231,28.57276795852868,1.8616863673904505
44.47711781472489,28.617282626436918,1.9122364257542759
44.5625793727845,28.67226994757754,1.9827995200150053
44.64463633322561,28.72506669664279,2.0559807683937255
44.7323910180832,28.78152945191449,2.1228437826015503
44.82449270551752,28.840789137550125,2.1857190712623167
44.916884372016774,28.900235400312713,2.2533371089035863
45.006216840224184,28.957713326401763,2.3072073006441034
45.129469539859244,29.037016067074404,2.3929164593277386
45.224772977345566,29.098335809445715,2.4613989459049535
45.30404910634847,29.149343327483557,2.521328342916829
45.41738379619151,29.22226466344171,2.5562597719042457
45.49024749502805,29.269146322264543,2.614409161875558
45.58060777632767,29.327285559589388,2.679884894364872
45.672552237660454,29.386444083459047,2.752924238755478
45.742472899456835,29.43143214559899,2.8099418585892924
45.81293306725175,29.476767334450315,2.8682271448742123
45.93801452251943,29.55724672548532,2.927134469784137
46.00031675921278,29.597332972151296,2.972291911545319
46.0693597259159,29.64175631135555,3.0245473433152674
46.15246089049011,29.695224917912128,3.076416147371603
46.236206202193195,29.749107978942057,3.1489079035041025
46.314746099833066,29.799641794050636,3.197543565756847
46.388149856297765,29.846870934512093,3.2464293457794566
46.45038220195727,29.886912212179016,3.275532318070691
46.54125028994187,29.945378180374433,3.303829270641741
46.63318126218346,30.004528025148993,3.3352016758820864
46.723717927637615,30.0627807508348,3.419673561681362
46.792003004337666,30.10671645159746,3.408033783392496
46.84838055000356,30.142990658141745,3.4429325911548694
46.90857219159286,30.181718914461896,3.4737407824261464
46.99229663599781,30.23558854914143,3.5296858451681485
47.07099602758654,30.2862249851849,3.572375368809564
47.14642558773037,30.334757559845333,3.6134726309950063
47.20701382314097,30.37374099091667,3.658269819202773
47.311935329601404,30.441249151325746,3.7285364631445232
47.365889312515776,30.475963999178845,3.747543355608056
47.43338421880825,30.519391291775968,3.7941207508892933
47.50136372733194,30.563130385130272,3.828729865373095
47.57300573079703,30.60922598578553,3.8734783331080265
47.64374600299393,30.65474139824914,3.9012572765482183
47.720502832876015,30.704127959298244,3.941276690898689
47.797046766588466,30.753377539577098,3.97379525740728
47.858748601931595,30.793077478497143,4.005727522554884
47.95347032024681,30.854022933532693,4.013290079417593
48.03810171231579,30.908476112715654,4.076756820272531
48.09290449802998,30.943737093744865,4.069604214710568
48.1651968003169,30.99025110697024,4.100277983130655
48.22317492126912,31.027555149025098,4.115594200517285
48.308621961083574,31.082533128896657,4.158176110760182
48.38987827466859,31.13481472908332,4.186993914959104
48.46638782297652,31.18404218524785,4.216087685396056
48.51499218243953,31.21531500057334,4.239815595759386
48.610826825469154,31.276976529011552,4.266750492685636
48.69098858067738,31.328553872988312,4.3000751799110555
48.750561761048424,31.366884201557166,4.315346227309819
48.81733354901754,31.409846228362603,4.325606096173452
48.900143212497284,31.46312727849431,4.361050983251914
48.98329680043992,31.516629615077118,4.381136992731406
49.06358083423972,31.568285635037984,4.39865427794864
49.134382615138136,31.61384062317515,4.429402573634919
49.20368886177739,31.658433360863658,4.4185290280313225
49.319026503153864,31.732643427588002,4.457365984596737
49.382338215701225,31.77337918702005,4.48305642429077
49.445027315952075,31.81371434783125,4.477860577873164
49.52225066733521,31.86340107620914,4.494608541249185
49.58350829244895,31.902815203226243,4.49907442002394
49.68581427552393,31.968640494429422,4.533746502852271
49.77318645951932,32.024857142583215,4.558033937693906
49.857640142228924,32.07919598074741,4.578103967478071
49.93151191392564,32.12672624962784,4.591860377434836
50.041581244700055,32.19754660180074,4.631001727028623
50.09795097482705,32.233815779703406,4.633277655056283
50.17680160396012,32.28454952438023,4.645533217768219
50.26087835547287,32.33864583903748,4.66566096054169
50.34494218839545,32.39273384166905,4.684164210021828
50.443821909569685,32.45635462165424,4.70373018875107
50.53735421920507,32.51653479229141,4.725485408518658
50.623287339505474,32.57182552405267,4.739648159819807
50.71889629539465,32.633341841807265,4.754334855310704
50.7936966444525,32.6814695720811,4.767063028657367
50.86517372662558,32.72745905976285,4.773065111277554
50.95215208291335,32.78342231292684,4.789758089969804
51.01370295637119,32.82302512057693,4.7876022455510485
51.10374460102645,32.88095934203397,4.807772011541396
51.21348278014311,32.951566625981044,4.844189939803163
51.30692850214279,33.011691084760855,4.862190698260463
51.3968434337912,33.0695437770607,4.883090041074204
51.49188418561563,33.130694503313215,4.89907670017036
51.56034350585082,33.174742315128384,4.896658071278364
51.64652459577912,33.2301925944789,4.90863778167179
51.736012855962834,33.28777075959503,4.928689151900693
51.82360675086257,33.3441300600591,4.945493074295486
51.92167572890237,33.4072291950602,4.960956121573391
52.01737402566159,33.46880299614675,4.9803888256758455
52.10010396683113,33.52203275168036,4.985027190635681
52.202542680805365,33.587943444048086,4.998225460456371
52.29156454434325,33.645221522169244,5.016922476473522
52.37105721686844,33.69636836774184,5.027649383852969
52.46161132155171,33.7546323141041,5.045069222979051
52.52973111953976,33.79846167192356,5.043209793846882
52.62964019554044,33.86274475512081,5.069459709014255
52.73458495744896,33.93026787845381,5.092610016789892
52.8224828672015,33.98682278689324,5.108537595706462
52.934025729663134,34.05859123271123,5.148043759193325
53.02165937072383,34.1149761064853,5.156559800515219
53.10869584581821,34.17097675421073,5.168325605272804
53.19741136962147,34.22805772849071,5.179036651978453
53.2920670469458,34.28896069170589,5.197344323040363
53.39352138382846,34.35423802024914,5.223475937479816
53.484794709442134,34.41296472475868,5.209755051556937
53.59656443781097,34.484879139697505,5.238313850630053
53.666277832561036,34.52973384293438,5.230846756796223
53.775196883590105,34.59981408688558,5.2521295231024085
53.85134055977264,34.64880613512504,5.274740937594396
53.9410838357015,34.706548381413945,5.269537611695639
54.0251821307151,34.76065855750115,5.273121867145509
54.105528983926554,34.81235499646725,5.275646665023921
54.21405718745184,34.882183762939036,5.308869978095654
54.305611354489855,34.941091165272724,5.317588768172414
54.39915265674503,35.001277121904,5.337399031599899
54.51963907219544,35.078799991482775,5.381543147354395
54.578994040592136,35.11698991900837,5.365311480101107
54.6751402405025,35.17885190808226,5.382197163558921
54.766128412285525,35.23739514009707,5.397306308038871
54.86659071071227,35.3020341753726,5.436320674590056
54.94836393212906,35.354648362251936,5.440304828545772
55.03337896078892,35.40934837929865,5.450787996221258
55.12446023491523,35.46795151483693,5.4698118258428545
55.220068967702666,35.52946768904433,5.474270101158638
55.308220777138466,35.586185960564634,5.4859124502821395
55.38407862448976,35.63499410200329,5.503314581016916
55.46767444293485,35.68878097670135,5.492843121313812
55.546136940355005,35.73926499128166,5.504027040785373
55.63753964032245,35.79807493730118,5.5211804431789755
55.74503824346557,35.86724124256648,5.556110196914585
55.83397394466916,35.92446388247596,5.571122436180428
55.91042791303028,35.97365557762169,5.577534139665563
56.04025409021663,36.05718779794964,5.62034718598148
56.12551601520149,36.112046672005505,5.601855142173878
56.21176345051015,36.167539639025414,5.6447881143321625
56.29549590360146,36.221414426620704,5.642212775714687
56.38217167498211,36.27718299185906,5.663605163980231
56.50067964738084,36.35343289981729,5.67650780755902
56.59348361036144,36.41314444067145,5.686833208939713
56.66881885302473,36.461616329969836,5.706525595150806
56.78420523405636,36.535857756560894,5.695404172492051
56.87081322354809,36.591582709857484,5.734635259212538
56.959615632293364,36.648719587286415,5.76562781735485
57.057364506386534,36.71161276233415,5.76468365830434
57.150343071258845,36.77143664481312,5.76714724363258
57.249929758120814,36.8355122977282,5.803709379277004
57.35265859770043,36.901609661509326,5.834155110710488
57.429444684005944,36.951015046605015,5.837947393273681
57.523061178172554,37.011249382904005,5.881223889172399
57.63272239453064,37.08180714779225,5.884422984389271
57.71724734645196,37.136191841696984,5.91328386307072
57.804615002819936,37.19240557670352,5.913158726816792
57.89102593549864,37.24800374052298,5.935937791365113
57.99284312000395,37.313514530978296,5.966584919635366
58.092154202460634,37.3774128556503,5.970168154441992
58.18342881151505,37.436140385945954,5.993261959021535
58.2637040960597,37.48779077649737,5.991767944953366
58.36985827790194,37.55609205978673,6.008678888683392
58.44965029798234,37.607431510321426,6.045654238298954
58.54398880183291,37.66813039909594,6.048176823955663
58.64078439639192,37.730410218980595,6.077108663961773
58.71735411927751,37.77967639242223,6.084418652965615
58.81817289683464,37.84454479202094,6.108756347373073
58.918163578884204,37.90888038184361,6.12209826324715
59.01229137197747,37.969443695976814,6.141397107025733
59.100789279633794,38.02638465257834,6.164625333090607
59.18914108438009,38.08323160425163,6.187229664626467
59.27665663940098,38.13954049959586,6.193878397296334
59.378353002123845,38.204973551401146,6.226783298632243
59.46499041388292,38.26071743545093,6.248991745461038
59.561999627136665,38.32313470098992,6.283021363465364
59.66535658306687,38.38963620478753,6.293030856037954
59.752142841105844,38.44547585889322,6.308667379298031
59.82671936781626,38.49345957832082,6.316575288508939
59.941782778889255,38.56749320092097,6.312640386386888
60.04125756040898,38.63149685216499,6.367185863508409
60.130469228406774,38.688897053484325,6.386876380822587
60.222806422669784,38.74830826794665,6.398307512438506
60.3015655297091,38.7989831258576,6.404098672274242
60.41134447277466,38.86961663797557,6.451984357966725
60.50633651766221,38.93073602541281,6.464506595072983
60.60203600625405,38.992310593343376,6.489137382977428
60.68993654356143,39.04886719239324,6.498978687615141
60.7851131848261,39.11010535206563,6.5490225996526865
60.878132429276135,39.16995540842974,6.5409434247456115
60.97398991966797,39.23163163722296,6.563435038435854
61.066310391354,39.29103209211418,6.595489564394739
61.16430678586683,39.35408452572347,6.618653363728831
61.263279441985404,39.417765101525006,6.640826478548581
61.35676231402316,39.47791346322819,6.655788409836847
61.448023530833744,39.536632376741885,6.6901537152154305
61.555277758744886,39.60564144710924,6.671062231681577
61.64847764117354,39.665607728812155,6.726264436552765
61.74408320540117,39.727121864317944,6.7194577709379395
61.83437765619626,39.78521874525268,6.745028354884199
61.91531257782121,39.83729355675772,6.752671727363285
62.01824431335822,39.903521467014016,6.782566836663105
62.11019151907853,39.962681756666115,6.804728099673637
62.19646117542399,40.01818902105334,6.8210620749027155
62.28743574773794,40.07672350295417,6.857300573239441
62.37758824300199,40.13472904745004,6.880741774619985
62.472200924388765,40.195604346397445,6.888619354321074
62.56676468206548,40.25644816705429,6.9368328079482735
62.65031703664083,40.31020707640959,6.951752802057686
62.75259561950985,40.37601473788592,6.97772801070229
62.84678037479754,40.43661470239795,6.991793583391323
62.93431036479173,40.492932885432815,6.997364540469277
63.030411757986194,40.554766045155446,7.037971505636037
63.120540368086864,40.612756221558584,7.026898642645706
63.21119518573036,40.671084968235895,7.0628842698641785
63.29579624151166,40.72551862857049,7.052131613954247
63.38443317593575,40.782549037198166,7.078138752451995
63.46759826477619,40.83605877364093,7.098500110529637
63.56571202548063,40.899186722518316,7.103487404586779
63.651690388132856,40.954506563925904,7.122531924432455
63.730131111018,41.00497656842522,7.162473986085917
63.83442817838089,41.07208295482071,7.215424259782812
63.916270183143254,41.12474139799491,7.22476500023913
64.00804863921553,41.18379311144854,7.224613380639226
64.08510980221106,41.23337548524693,7.247783408119404
64.18175547340361,41.295558842061105,7.287977085774437
64.27381703948168,41.35479271298015,7.284995464192853
64.35284273699831,41.40563909943003,7.311288200203637
64.42827136039976,41.45417107137557,7.323984792481671
64.51904709245642,41.51257761630296,7.326702234608018
64.60383189302387,41.567129500945576,7.347419667572229
64.67887826319142,41.61541552510117,7.357995335945118
64.7666227549285,41.67187172195757,7.368415320437904
64.84531245563109,41.72250192273128,7.3726711284517465
64.928521849996,41.77604016605079,7.395495409553768
65.02482284809132,41.838001754730655,7.41594579479177
65.09638477204926,41.88404583096165,7.4338391910841155
65.17171036901311,41.93251151406411,7.4262516802070815
65.27521770716852,41.9991097761692,7.470703609718315
65.35314197190299,42.04924748330779,7.4856442342613585
65.44840666906876,42.110542299542765,7.4939965962279524
65.52932829939114,42.162608559213055,7.50665222935397
65.61583480335565,42.218268215112744,7.544162876126399
65.70796964827012,42.277549234796695,7.5414177367215345
65.79277159332158,42.332112150472085,7.545766140723894
65.86911454806683,42.38123241769765,7.544561869306941
65.9715948709177,42.44716988187616,7.536951267315497
66.06498218955538,42.50725676300709,7.578456667700835
66.15254781060584,42.56359787162835,7.5832541454697715
66.24236400595707,42.62138703542949,7.605584356885033
66.33024794554045,42.677932955240635,7.6168917333890995
66.41631826162707,42.7333119609455,7.612287428639265
66.50859282388882,42.79268287698541,7.635397472997747
66.59764494182565,42.84998042126642,7.662878677416532
66.67402211036173,42.89912270218735,7.6711164415077375
66.77403618589007,42.96347334374507,7.681446288343436
66.85426903944185,43.015096433523084,7.712086057049057
66.94531031109305,43.07367383083479,7.722026549900169
67.03298328379215,43.13008401120847,7.736241216202216
67.12361895464076,43.18840043853445,7.773175610425286
67.21853684286825,43.24947211240112,7.780339552171885
67.29896970746451,43.30122389245561,7.793397387479014
67.378573797601,43.35244242588545,7.808812586956688
67.47547962154641,43.41479316910459,7.790397051743508
67.5626024533162,43.470849380083855,7.815144480084629
67.63045259473697,43.514505236593486,7.835067019385612
67.71594756306192,43.569514054428424,7.8491369253220835
67.79425429625606,43.61989784783663,7.862717565433871
67.87769023115716,43.673581850928116,7.863904943371969
67.97421818756902,43.73568946818645,7.889527803936696
68.05643539222393,43.78858932091895,7.90188942493778
68.12917680774767,43.83539230071997,7.929684873588374
68.23297499862986,43.902177702079875,7.939386670362954
68.29591877785705,43.942676727381475,7.953792396053793
68.37725457291498,43.99500946720771,7.981633381098305
68.4705427680258,44.05503257069021,7.989661215200653
68.5573267354824,44.11087075099889,8.025600831181455
68.64843133195862,44.1694888925068,8.027829720100586
68.73488550525808,44.22511487802707,8.036926402545117
68.81426994532812,44.276192085122396,8.056190840685401
68.90476997639745,44.33442123966431,8.056205197559693
68.99851264636104,44.39473675947114,8.071852611384635
69.08078813398255,44.44767411238822,8.097770793186081
69.16727681461423,44.50332230047304,8.109140858527795
69.24200864114816,44.55140594226881,8.113120515282631
69.32965366345607,44.607798138917744,8.132925638560957
69.42964206932564,44.67213226421012,8.161523840557717
69.5150669956314,44.72709601589965,8.170146208632566
69.59205137117718,44.776628983435685,8.187001842501095
69.69372283665739,44.84204601596039,8.215633880628344
69.76925541231972,44.890644872438365,8.231585246012969
69.85328223909347,44.94470906472717,8.238589178486698
69.9440514467462,45.003111411749664,8.248911602823098
70.03549333780356,45.06194657393767,8.28417634744883
70.14411119342047,45.13183302398632,8.288579107765534
70.22410298434554,45.183301010249124,8.308592115942519
70.29758051401838,45.230577617562105,8.3356395907372
70.38971392001584,45.28985771142405,8.32807600928182
70.50017277074335,45.360928686909205,8.33417717651178
70.59440569527219,45.42155964427454,8.380475795216796
70.68457903064629,45.47957859762756,8.391568827558897
70.76371410707583,45.530495360203815,8.377312962932695
70.847766477154,45.58457598745958,8.39178926756487
70.95332086246091,45.65249135215049,8.425581812705257
71.04118018834878,45.70902143511979,8.445996331815197
71.11740366757897,45.7580648299051,8.464317678875073
71.23494687854568,45.83369399506517,8.490687822528896
71.31148839186542,45.882942018024984,8.483003348962812
71.38702401038832,45.93154283232768,8.489289272776153
71.4828817082585,45.99321919461576,8.49809246250195
71.57534383803875,46.05271079457028,8.531787108647864
71.68196404460146,46.12131192555193,8.552064433706269
71.78039132797917,46.18464159988707,8.567653236701808
71.86649221300274,46.240040274130536,8.598061078454151
71.98034344029351,46.31329395847039,8.565725147894764
72.08687937572378,46.38184086806961,8.571986714881431
72.14809374390823,46.421227162892734,8.586954270705728
72.22854357051229,46.4729898565719,8.62417800312229
72.31568953916101,46.529060954185816,8.629066558053895
72.40002672397263,46.583324835755796,8.614257419337681
72.51003207147082,46.65410402007454,8.623224841367854
72.61714000427,46.72301896184788,8.666985151056675
72.70212220009944,46.77769785373105,8.688980594967989
72.80966915647907,46.84689527023519,8.705523250652591
72.89053709227115,46.89892698199355,8.701639569306876
72.98249375279906,46.95809335501872,8.718459930039726
73.07538628899194,47.01786188528166,8.739724357201986
73.16493871561167,47.07548133609985,8.773087501658564
73.26652202642302,47.14084164851324,8.784493591622057
73.36572860723201,47.20467273516862,8.775324552255563
73.43537292068739,47.249482990405454,8.780024977571747
73.5174372250993,47.302284464697934,8.784694016596802
73.65415960776158,47.39025381294359,8.831134446023256
73.7404811185387,47.4457944412941,8.835144994422391
73.81438185694044,47.49334334781171,8.851301063228886
73.89648018976203,47.54616671652237,8.86115281094368
73.97236529745463,47.59499239769674,8.869973345115955
74.07242847020164,47.659374629183226,8.893348104648771
74.17288033653155,47.72400695228228,8.917675155685982
74.26757627480073,47.78493582002757,8.937803083704178
74.35450743842577,47.84086870868428,8.96932917309476
74.45797934674454,47.90744417467086,8.96883334775936
74.51842608496332,47.94633656420606,8.96261305469676
74.60344718240101,48.00104048600062,8.987661430298832
74.68270509485922,48.052036283224844,9.01932513475741
74.77326453560747,48.110303662895895,9.064392886603807
74.88446562121108,48.1818522040658,9.065294523024221
74.99623943019509,48.253769244537104,9.053382110441145
75.06455270341199,48.297723087385656,9.069224547162143
75.17371119198839,48.36795738925023,9.099536246072084
75.25825265243392,48.42235270500112,9.135386079099282
75.3335842556537,48.47082225262386,9.128956577201548
75.41612858310367,48.52393258134806,9.139059761155007
75.49829991054034,48.57680291595113,9.139055137033743
75.5962546756801,48.6398285645619,9.16849154728898
75.694460046459,48.70301545681335,9.186269030698682
75.78565969233168,48.7616947546096,9.207648094223748
75.87199800306027,48.8172461923152,9.237051139544599
76.0045161175069,48.902510447747375,9.235942956583386
76.06638737579068,48.942319396073025,9.233253534440307
76.1339959882504,48.98581984902056,9.263429537470683
76.21953430417254,49.04085655738665,9.288059465574952
76.30380474632048,49.095077495668846,9.333013574972874
76.42188440480564,49.17105181966572,9.325930642131953
76.52052792614852,49.23452062493532,9.330157953003265
76.5949855269388,49.282427825540765,9.335453370912587
76.70885940842403,49.355696085948445,9.329988255551568
76.82304892349497,49.4291674300084,9.376201626969184
76.87930798515308,49.46536540206394,9.383917858614144
76.98085858578905,49.53070466823199,9.385887119050272
77.06229880142419,49.583104593912815,9.3990289928923
77.14521289067825,49.636452833243,9.411405943614474
77.24894788930573,49.70319757570454,9.442829457963883
77.33443698775692,49.758202616769665,9.47181188326116
77.41153113790327,49.80780621502379,9.509798244565307
77.56418405964631,49.9060255246353,9.500504570707454
77.64242740911627,49.956368535950645,9.510567381777102
77.72213178166591,50.00765159267472,9.524597026254211
77.79409489083557,50.053953797830275,9.559870195662018
77.87680106089363,50.10716825865396,9.590659588485867
77.9867485998783,50.17791024805875,9.614849129680879
78.09329687059784,50.246465094378635,9.61725918198742
78.1818516007508,50.30344261147521,9.649705406778548
78.3021311562666,50.38083238409303,9.636966834906907
78.40198528904614,50.445080115950866,9.651976250889629
78.47553489408216,50.492403097695025,9.656050204559339
78.55591279362305,50.544119512361604,9.650940583266067
78.64303889914417,50.600177829724366,9.64264085864052
78.71608794581583,50.64717874428234,9.687796136958145
78.82250968902348,50.71565218079542,9.716734654421948
78.91802347601589,50.777107265373274,9.749800467369282
78.99735486989827,50.8281503417106,9.7811635650831
79.12409054866845,50.90969408636886,9.80569913393104
79.24963776009538,50.99047315229962,9.786484723758019
79.31784299360223,51.03435748068614,9.809044191933367
79.39637263800974,51.084884698702496,9.82031389892022
79.49006828457064,51.14516996290664,9.873562273625557
79.62392781154044,51.2312973044195,9.858982527797316
79.71260408355434,51.288353023476006,9.873023491005334
79.78482494420597,51.33482107002079,9.891834057883429
79.87037857560617,51.38986763260823,9.900037483276368
79.97720402857819,51.45860082238307,9.921587089732048
80.04836908344492,51.50438954674986,9.946971389173452
80.13562008914036,51.56052822686461,9.950311245054634
80.22031228990924,51.615020531328994,9.950282112784656
80.30213500435097,51.66766656280512,9.959220555333001
80.40593515621381,51.734453225891066,9.997675323350109
80.50261943522608,51.79666142358843,10.015336123337262
80.58761427592812,51.85134845138306,10.04262501985113
80.69699346180425,51.921724753388645,10.073787535864374
80.78431301581605,51.97790753857674,10.068338664209627
80.85923245489529,52.026111893258076,10.099249622837077
80.93392537504424,52.07417050206903,10.125618179024814
81.0128993258141,52.12498359384179,10.153532685371248
81.1040601417449,52.18363790783792,10.187894934167948
81.20622507194605,52.249372443386186,10.184774527992214
81.30120635418972,52.310484905967755,10.2037938659065
81.38076802621259,52.36167614691091,10.228779968249754
81.49678071412887,52.436320549279394,10.231921258364267
81.57059909978572,52.48381646873553,10.260531774796249
81.65235612756493,52.53642023637176,10.262197048004216
81.72745950193548,52.58474293793517,10.277987497246528
81.80756017454527,52.63628098039985,10.291362709828409
81.89910859738686,52.6951846868265,10.310078502206967
81.99311591881828,52.755670487582826,10.33897644887699
82.08873736741386,52.817194843342754,10.358725263736723
82.16131191142657,52.86389045536842,10.375898231570261
82.27303095447432,52.935772258568235,10.411430189419786
82.3538214535443,52.98775414631211,10.400609186537364
82.43058387349097,53.03714430409738,10.442457408293874
82.5200438219333,53.09470425299031,10.466725282719553
82.60452126119631,53.14905837649755,10.479308240168285
82.69767455578487,53.20899468284567,10.499145571911647
82.78742643837356,53.266742466795925,10.512242381472943
82.87843426929118,53.32529834780956,10.519260149724905
82.99272187651896,53.398832805918126,10.571742242018964
83.08710226157662,53.45955864172516,10.60242983913539
83.17166764270277,53.51396934842114,10.598050966127364
83.26417949606514,53.57349294131658,10.615385872961843
83.34340186280454,53.62446586786188,10.639903852440005
83.44754016750473,53.69147010384358,10.688319093152314
83.54556003024368,53.75453763728155,10.70746934699406
83.61724004027305,53.800657691962726,10.718012703208508
83.71430560084775,53.86311121226122,10.744898618219262
83.81286119468525,53.92652344358009,10.738928793448885
83.92393459784485,53.99798983184155,10.779395270566226
84.02288104474067,54.06165354421372,10.792329705375208
84.09914714816881,54.11072436408365,10.833504684560841
84.18667014545744,54.16703804790092,10.844507622813186
84.27011487455368,54.220727709316954,10.865408438390377
84.35270274311173,54.273866053080276,10.868052519867966
84.47698055711402,54.353828368586285,10.86057420727095
84.57674900660852,54.41802097046033,10.890047193161344
84.66877667904292,54.47723303367178,10.904583003476269
84.75211237603561,54.53085254210407,10.910799268989953
84.82020971418049,54.57466744890442,10.908774013564795
84.92317232391257,54.640915224107225,10.928872454531493
85.01623839370885,54.70079540864135,10.964038247968272
85.10968667525506,54.760921514273974,10.993976346943207
85.20281815628513,54.820843785432785,11.007338187155973
85.31719817548702,54.89443770287035,11.022508558137892
85.41429560015064,54.956911725028725,11.009619058899276
85.50208971943734,55.01339985303721,11.047476312151813
85.60361068758901,55.07872005319514,11.09617301706517
85.68499222747039,55.1310822259659,11.134003631140894
85.79101255344123,55.1992973842658,11.148207718763503
85.90413229669342,55.27208042018019,11.135675334947559
85.98932322758252,55.32689361550949,11.151286411146557
86.08828535194053,55.39056741500933,11.157245967500748
86.1651246774487,55.44000705505193,11.198444417543332
86.2646394747068,55.50403645305633,11.216987722807977
86.35638674378055,55.56306810030074,11.194073512644193
86.43973515295177,55.616695787950206,11.185464490523072
86.54225274242921,55.68265723006699,11.204838443315504
86.6404260681798,55.74582350403926,11.233706026071685
86.73834714566176,55.80882747747701,11.300734279465136
86.85951981574637,55.88679189416552,11.346004691846833
86.96324585528082,55.953530872204595,11.312390000006825
87.03807922022187,56.00167984542102,11.33591098380713
87.12054741059676,56.05474118634424,11.340316881675573
87.22351360798726,56.12099126990334,11.389741801659671
87.32336750696916,56.18523885133207,11.397261998928641
87.42782160528462,56.2524462739316,11.398927924885598
87.52108379683985,56.312452646314235,11.408849745773793
87.6191798005425,56.37556917005519,11.441850852741053
87.7365402951618,56.45108077262103,11.442536553002526
87.82166419196854,56.505850837159144,11.485748757884693
87.92003022433946,56.56914110162561,11.474747733047526
88.00044194815915,56.62087927936934,11.47835262187359
88.09020720407355,56.678635667929356,11.489185859228241
88.18899236336254,56.74219560529865,11.519267629363304
88.29157068753086,56.80819612507827,11.5510433447556
88.3880934271427,56.87030038576477,11.567433585764771
88.49670219771771,56.940180990353454,11.598027825919393
88.58955986253814,56.9999270838226,11.612876057128183
88.6767690733202,57.056038872427585,11.630862315713408
88.75745635589898,57.10795434904491,11.636093027195162
88.86841780709446,57.17934870563807,11.706131778663705
88.99123923827946,57.25837396135374,11.689690964469241
89.0944155018111,57.32475920479789,11.715591982616074
89.19263571676355,57.38795564802589,11.705176398165039
89.28933487535065,57.450173419477565,11.720144619347632
89.41433765292341,57.530602188036504,11.775923974574434
89.50538567719597,57.589183930091835,11.78849312925053
89.5928829908861,57.6454810886747,11.785249792486201
89.67323709028759,57.69718218995433,11.785492265471037
89.76308250266491,57.75499015245319,11.809791985222134
89.86724494896686,57.82200992152413,11.834228671017916
89.97259924446585,57.88979654526092,11.86219586894634
90.06728058548605,57.95071602090482,11.865584525078258
90.17798611489872,58.02194571336621,11.895209274852887
90.24141925028671,58.06275959817865,11.894691655610638
90.33745174595849,58.124548428143065,11.930833141258233
90.43796941157704,58.18922308754744,11.945803215673996
90.52110326847526,58.2427127288635,11.948322693170757
90.63346527754975,58.315008226596824,11.969487994427228
90.72892150615581,58.37642627719652,11.98521386943218
90.8192826579653,58.434566074621216,12.007873181087078
90.93877978052907,58.51145241747505,12.041863653734213
91.0239804274209,58.56627186423451,12.069982060662099
91.12724936075824,58.632716732900604,12.06518710314064
91.21340847953815,58.68815287566598,12.082037122755192
91.29521770208959,58.74079022624602,12.076623009025193
91.39653812555788,58.80598139277575,12.111532947966799
91.50386708215538,58.87503854476447,12.141383742760036
91.58911663015891,58.929889455274356,12.15595275553236
91.6871139185677,58.99294246403047,12.177711504420419
91.7893169515901,59.058701515537905,12.177560917995038
91.86995633403212,59.11058617244795,12.197755951563241
91.95704911401096,59.166623047628555,12.23558989595448
92.04878696520004,59.22564863525669,12.248202649744938
92.14805028864323,59.28951623102237,12.277651005276685
92.24982569904546,59.35500014335757,12.318374847301008
92.35726694374162,59.424129543288885,12.335078594795684
92.46400777677633,59.49280828725472,12.345198132895097
92.58091390885761,59.5680275457613,12.3642973963388
92.66564978073214,59.622547948907304,12.403614166209934
92.76183006488708,59.68443186832444,12.394011879738198
92.84705718158243,59.739268346175066,12.422342986234392
92.92526713851782,59.78958987220436,12.44944464038911
93.03509249483983,59.86025324734724,12.486616119022628
93.13614193866717,59.92527006128058,12.511526693942518
93.2269543958594,59.983700235742354,12.524603768057496
93.3426350661015,60.05813101267633,12.545808325849768
93.41105984692095,60.102156601283916,12.544476896303916
93.4980837680142,60.15814917156602,12.553880176491225
93.59095340938784,60.21790297093935,12.598221226621254
93.68327126579715,60.27730174312007,12.624594345405765
93.78631695588241,60.343602973539056,12.642779236362065
93.86686174137499,60.39542676527234,12.637856422739372
93.94890197196447,60.44821275008586,12.65254487987591
94.08018527710506,60.53268250963707,12.676838983884824
94.15584036011758,60.58136018928607,12.716534767573746
94.25114091179891,60.64267807488471,12.736160836865862
94.34302789880823,60.70179961886358,12.741010818107533
94.42842999077773,60.75674867857921,12.735719973356717
94.52250258614558,60.81727647762092,12.758764758763958
94.6327240127699,60.88819469067458,12.82377312653252
94.7270156644132,60.94886343399626,12.831866430810472
94.83317659458152,61.01716905926558,12.845313251670657
94.93007377382236,61.07951424034478,12.849703704466224
95.01550826924534,61.13448414895601,12.868687817824393
95.10328993686393,61.19096426536386,12.88710111330384
95.1983939921968,61.25215572209714,12.929941077452648
95.30125827455657,61.318340231909986,12.961258287157344
95.41205871509032,61.38963099169115,12.96577554341217
95.5079236151937,61.451311988010225,12.996036235119492
95.59214735675674,61.50550287839584,13.021753833676224
95.6947130465767,61.57149526903544,13.04562627850179
95.79133247316301,61.633661739653945,13.092988545363541
95.90425463429091,61.70631764809762,13.06734082635529
95.98333270999781,61.7571977355054,13.080457651619056
96.07901773876188,61.81876299975355,13.115336339737926
96.19324599299205,61.89225926920263,13.157132356548546
96.29444075372807,61.957369582338494,13.175938135765584
96.37720608652796,62.010622109408075,13.188102150118754
96.50708975349524,62.09419131957235,13.238568950488437
96.59719319056637,62.15216529924926,13.235260670383973
96.69289763036882,62.21374305286721,13.242674130165579
96.78187666931643,62.27099357696816,13.264857347310722
96.8876712645,62.33906349650137,13.297865084386721
96.99449091927325,62.40779295562321,13.318931792603719
97.08664829018062,62.467088468888065,13.36345838811597
97.17205578955529,62.52204100781389,13.35782006117528
97.28923263077083,62.59743444486857,13.37917564579882
97.37946266661092,62.6554898802002,13.420247869375164
97.48010588778774,62.720245324041,13.423126361959634
97.56679087131859,62.77601981652281,13.432973823664069
97.64439594483883,62.82595215097455,13.460706822660905
97.73788668485159,62.88610557505757,13.488788546758295
97.83551288230008,62.94891981800753,13.513234972758466
97.93710826419377,63.01428789714664,13.520618773736404
98.03878365967125,63.07970745829389,13.535666958947584
98.11832512492413,63.13088569788091,13.581448103433614
98.22866859137251,63.20188243329188,13.594777901294233
98.33769112849163,63.272029261833815,13.59085353178922
100.00124546265636,64.34238649009525,13.465340108101085
100.08595970813629,64.39689297847615,13.492892237169187
100.19208640335486,64.46517657643615,13.505988529617696
100.2912721088873,64.52899423160768,13.536291235042961
100.37576304136203,64.58335703686123,13.58901378358274
100.5249217105455,64.67932808898712,13.554698921336595
100.58898218459014,64.72054561343543,13.588672993529533
100.70025608488967,64.7921410047349,13.586289624302761
100.79594035439905,64.85370578046657,13.615236783859785
100.89574416821692,64.91792113630683,13.640236196600167
101.00945324717473,64.99108336015603,13.645652443126155
101.1188073239176,65.06144350654723,13.651676660684565
101.19753196803252,65.11209619046635,13.70225815370557
101.30954107270792,65.18416462391527,13.748777148508871
101.38998411333398,65.23592295138863,13.783529024172983
101.51224385479784,65.31458680703416,13.75823690199705
101.5951006228998,65.36789816502646,13.786869786498205
101.68770024216924,65.42747822789772,13.814752075026387
101.7897379196048,65.49313088699948,13.837899197040185
101.9000679557164,65.56411898111885,13.837406888026045
101.99384505226973,65.62445665153925,13.834806684654517
102.1437491537865,65.72090732664452,13.814115215864168
102.24061027724868,65.7832293088642,13.89792544687102
102.33820105122919,65.84602075979335,13.914619643646894
102.43540175571263,65.90856123382493,13.930694378571642
102.52901677169659,65.96879461903777,13.944803845477978
102.63246589066942,66.03535542199792,13.961569837510924
102.7258123099894,66.09541598785952,13.985189990896226
102.82911279963636,66.16188116035543,14.005346188811123
102.92191601154144,66.22159221795569,14.048256844310485
103.01852771237041,66.28375371769947,14.059953644871639
103.12020573360935,66.34917496830326,14.090781542823215
103.21853928325413,66.41244433286883,14.110106420322637
103.31586895247692,66.47506778485797,14.15720482586917
103.4178177731657,66.54066327212034,14.16117395731261
103.52264165443447,66.6081086189336,14.17649877568635
103.61395015386393,66.66685795483377,14.195097844219244
103.7160539555436,66.73255315932235,14.189786990881698
103.82179721465087,66.80059004841033,14.205679108071992
103.90842411786056,66.85632717109286,14.248336555852495
104.00160002877207,66.91627802914167,14.263734109805844
104.09775126004612,66.9781432554747,14.292435700268024
104.1868406828756,67.03546480231498,14.304747836192616
104.28227044904494,67.09686582656343,14.316345745153608
104.36784680889298,67.15192701299448,14.338716021292939
104.4713948406694,67.21855145802039,14.345931260646395
104.57797632958652,67.28712767745513,14.358545837181586
104.68094593596354,67.35337995441019,14.412062094564156
104.77537205154697,67.4141352139624,14.438277443440066
104.86948366261635,67.47468811632493,14.45810169335252
104.9622048586011,67.53434640358198,14.466222688318775
105.05826700825715,67.59615431338993,14.483177185402539
105.15543242185996,67.65867208070951,14.503751808461159
105.25333328412519,67.72166304735637,14.519328656457507
105.35603775659779,67.7877447329546,14.528187875666132
105.44397696594012,67.84432621420474,14.547866670328956
105.52474238779088,67.89629196686828,14.586437243765435
105.62460701358033,67.96054645009502,14.594382368918989
105.71136696787514,68.01636917995475,14.610861902497891
105.79934285105575,68.0729742577338,14.63191002378313
105.88786924772539,68.12993354461808,14.65431084922674
105.9863172227968,68.19327653231694,14.676993367090242
106.08176612507661,68.2546898690422,14.686341157686991
106.1722915173554,68.3129353413883,14.740135399143353
106.26023870161013,68.3695219538235,14.743194419092791
106.34229971090392,68.42232130798473,14.781258157383729
106.42424158663341,68.47504400972228,14.807370067648419
106.51727820019228,68.53490524164634,14.832816040050615
106.61283470647517,68.59638781249285,14.844675626881608
106.70556791753587,68.65605383044023,14.881280624777329
106.79655806211424,68.71459833178284,14.93081182189411
106.90763819434086,68.78606904963269,14.958785953414413
106.99638650456946,68.84317111921845,14.972896620615025
107.07953976469777,68.89667324488032,15.008977758770696
107.16677742901709,68.95280334094221,15.028595528231579
107.25760744018254,69.01124480990862,15.04604126426762
107.33836522437866,69.06320564838407,15.065589025917152
107.439034974111,69.12797816111801,15.110469493403297
107.5330268100659,69.18845399827329,15.127655127544852
107.6289996664727,69.25020445538924,15.142861879753891
107.7361995682663,69.31917857147143,15.187359201934079
107.81386804183775,69.3691516985211,15.184361029918744
107.90775768915734,69.42956178588857,15.227134668019104
107.99551054360978,69.4860233634486,15.245575053609143
108.1095511947797,69.55939892611492,15.266218107440798
108.21225501942074,69.62548019488804,15.297870393704176
108.30069021415324,69.68238080100029,15.31227644277101
108.40500863238618,69.74950092488402,15.332200767615856
108.52482299735432,69.82659138652956,15.368041871079544
108.61474749433505,69.88445023331585,15.405188103985854
108.70894325956722,69.94505728180067,15.400701040787684
108.79209826621474,69.9985605312007,15.405336581659189
108.8836147850295,70.05744371007077,15.424552081395372
108.98511827603593,70.12275266515641,15.446695231333125
109.07881383710223,70.183037874352,15.47428947243088
109.1533409925896,70.23098982755208,15.500823833788138
109.28411380775037,70.3151311297583,15.537053970881011
109.3886303381548,70.3823787221535,15.497764877298893
109.47242140950561,70.43629122566614,15.534573079046092
109.55993393764095,70.49259817346422,15.553735733249209
109.65654854245749,70.55476154167962,15.595605605523225
109.76570674162751,70.62499565733555,15.614211408160045
109.8496840960688,70.67902801834144,15.620899372930213
109.92337582897007,70.72644244740701,15.647063252179153
110.02704561958902,70.79314523400222,15.680578179875548
110.14268267272995,70.86754794700192,15.738246580645532
110.23672035210404,70.92805328053979,15.72508249733992
110.31769176219545,70.98015156930254,15.73084140696711
110.39447076645259,71.02955239769605,15.736401662931943
110.49034772838195,71.09124115478517,15.759088396285811
110.5934272377584,71.15756414507219,15.794062545240267
110.67494347975665,71.21001298732014,15.806428873749512
110.76439562214397,71.26756791367355,15.823705650359845
110.8858645421241,71.34572294224083,15.848106199863558
110.96876010038095,71.39905925843367,15.832382906261115
111.0535348251783,71.45360466016608,15.862688065061517
111.144084233211,71.51186558462892,15.891361905346724
111.23727982179967,71.57182910360712,15.921999478523345
111.34657334788915,71.64215029074813,15.916134084522378
111.43166712494933,71.6969009757639,15.927465476038625
111.51892110867809,71.75304157199248,15.935462892545559
111.6466238959288,71.83520756957714,15.955833388839705
111.74747301316282,71.90009549020489,16.01309389114194
111.83240828874895,71.95474419285976,16.041193926479668
111.91972679766835,72.01092630561884,16.046410399907003
112.01020469738279,72.0691412204962,16.05359824961616
112.11733012052761,72.13806741583517,16.067064264765936
112.21039824028063,72.19794891934394,16.094963730307313
112.29560928755312,72.2527750578732,16.118998169918903
112.42499255948105,72.3360223059372,16.16003269887129
112.51863022005071,72.39627026103544,16.153435494556042
112.59626776792736,72.44622349000285,16.18284575098402
112.69019314459335,72.50665656619817,16.19508014667033
112.78677864928723,72.56880121093336,16.233844815849
112.90397967638854,72.64421020957033,16.25173956535774
113.00782508354082,72.71102599062688,16.273808993275008
113.09379010711811,72.7663372494622,16.300608456866534
113.18988328415503,72.82816512277883,16.33595719079845
113.2866403906103,72.89042017880743,16.384573927196513
113.39039121071568,72.95717510105865,16.424646657325226
113.50833590487063,73.03306258686611,16.393149623106165
113.58725328710936,73.08383928154925,16.407473067029482
113.68534445766545,73.1469526955671,16.435491593634666
113.79342327440254,73.21649231945595,16.487267174497692
113.89795456460301,73.28374940853789,16.534754778276003
113.9899975325352,73.34297131311507,16.53945924414197
114.10310870046429,73.41574883153065,16.57285508696612
114.17449967511989,73.46168291627073,16.589133381642597
114.27734150271372,73.52785297833123,16.584318509471288
114.3746475474396,73.59046122994457,16.649581924553615
114.46405974427839,73.64799045469887,16.64923745472914
114.58083013100247,73.72312237249086,16.67145411399691
114.68815038491628,73.79217392503494,16.66425831843282
114.77089651395343,73.84541409609918,16.685585141287582
114.88705356642483,73.9201513849108,16.730485404905483
114.96529384654048,73.97049242135493,16.77007722784642
115.05293824628905,74.02688421743932,16.794708375432737
115.14024954231733,74.08306168930991,16.796538661901003
115.2396960396249,74.1470471420435,16.787536031705642
115.34815081015716,74.21682866056356,16.82617812835542
115.44580492918271,74.27966086869878,16.852828593457236
115.52679087305916,74.33176850872921,16.878781395086
115.63665933279972,74.40245961729485,16.904013905424556
115.72685189864092,74.46049094383523,16.91192507605315
115.80670009480706,74.51186653895395,16.924813524753297
115.88875260447229,74.56466042431946,16.943804891577404
115.97642672135984,74.62107134088212,16.98399542862626
116.07016436943462,74.68138362952608,17.009728017472785
116.16708106940652,74.74374137055308,17.01707423478163
116.26223776497798,74.8049666968503,17.038309056575958
116.36326989641334,74.86997237171622,17.04544462977852
116.4735255337474,74.94091259648282,17.068616100686288
116.54184915239857,74.98487309574774,17.096843769745945
116.63101384786026,75.04224307419277,17.107521601295108
116.71193149126039,75.09430676861409,17.111596955440387
116.79398420596483,75.14710078590508,17.11452633568042
116.89594975589688,75.21270703702774,17.15136433580517
116.99561877699998,75.27683566509867,17.185703450647303
117.08827702796886,75.33645345253476,17.20034840973385
117.20383209234964,75.41080341266652,17.248554909730593
117.30287352640114,75.47452824128034,17.24246095150425
117.37223978408034,75.5191595910232,17.246362127298088
117.45771957920702,75.57415864618187,17.281078030825228
117.540169683963,75.62720835053118,17.30723774478554
117.63014631403345,75.68510074057379,17.333774614933546
117.72528658326893,75.74631549790605,17.348665374008412
117.81645374421478,75.80497389438545,17.380534566167153
117.91185548981946,75.86635688975842,17.39188265714578
118.00060460952781,75.92345948017629,17.432954246803188
118.07163614073963,75.96916229330695,17.446001973787926
118.1511975767657,76.02035338240603,17.433980281305825
118.22127503891946,76.06544233238142,17.437293176290215
118.30295303871338,76.1179952521592,17.44594916021975
118.37667166866497,76.16542698721331,17.473416087917137
118.46160619087469,76.22007520513387,17.495001527774967
118.54965637345866,76.27672808832678,17.514998229971912
118.62959649626178,76.32816283050091,17.53295528997418
118.73281879687936,76.3945776949359,17.53968588602414
118.78712599780768,76.42951980885817,17.564855427436704
118.87653455235068,76.48704669010161,17.57319552477825
118.96847649067578,76.54620359062814,17.62221375521491
119.05555197151538,76.60222933526833,17.666975908446748
119.14549701182659,76.66010139995909,17.67937844620719
119.22357472378567,76.71033783747436,17.699241637759766
119.30911766801303,76.7653775237654,17.7187253869487
119.40747616522084,76.82866293998846,17.73723022044893
119.4797018905298,76.87513411653087,17.765746881266914
119.56473525798387,76.92984593304847,17.796291904775007
119.64684512772389,76.98267672479533,17.78631174305361
119.71652057634167,77.02750701288919,17.80273901750161
119.79423587984782,77.07751027106116,17.804823555816558
119.87380500491582,77.12870630741169,17.834639194917663
119.96948659714869,77.1902693605412,17.874158998152552
120.05636773188229,77.24617005981614,17.8946567914002
120.15978739977619,77.31271191348526,17.937465444846044
120.25841890619148,77.37617298816001,17.94149351024904
120.3311505695737,77.42296969327859,17.973676810657427
120.41830651459472,77.47904720984857,17.98752235701746
120.50427292993267,77.53435936416477,18.01043934484946
120.59080133415831,77.59003311103963,18.03548721138332
120.68693581066233,77.65188755708805,18.053967469101465
120.77888213434665,77.71104727922419,18.08768049650428
120.87185986183846,77.77087062291928,18.09031366124746
120.97981225774899,77.84032890564437,18.11290817172095
121.06029226748566,77.89211101962951,18.147825746288074
121.14573272618783,77.94708476510911,18.170109672038702
121.2274228802732,77.99964550515067,18.167068113263856
121.31084171893846,78.05331850825303,18.173894662614696
121.41696818345996,78.12160195777885,18.22072493156519
121.51249600593462,78.18306607300846,18.258529705612684
121.61077762058761,78.24630202177708,18.284749756503185
121.70871460152851,78.3093162277524,18.312358114530323
121.81206781315421,78.37581532240515,18.308050173489008
121.89032460240671,78.42616698108962,18.342642164641187
121.98132258511612,78.48471652560998,18.356400531916083
122.07640054582208,78.54589119264668,18.402629530429053
122.16764024115157,78.60459625889828,18.43636559655125
122.26752476820894,78.66886354691628,18.451461307696967
122.35660671968006,78.72618028656615,18.470517302328137
122.45483761751734,78.7893836033316,18.48024339342012
122.56031305344207,78.85724817073856,18.507731937790364
122.64410033238092,78.9111582341532,18.555304661040697
122.73085265909177,78.96697605630453,18.58078226197235
122.82225957107217,79.02578871239994,18.59850070521193
122.91682414261669,79.08663305671224,18.600512106677943
123.00895189662592,79.14590951399536,18.637370577198467
123.11038794748161,79.211175077019,18.669150070148216
123.21069373961342,79.27571341366352,18.710987671985208
123.30774397421675,79.33815707298909,18.739079770317794
123.41697529630355,79.40843823708876,18.771247211137275
123.49439925552623,79.45825403973053,18.758907570362314
123.5772377881194,79.51155366470744,18.77155140115367
123.6747098560752,79.57426873829861,18.800327205754254
123.77648537611358,79.63975272117547,18.837362544208826
123.87913793463382,79.70580100451382,18.87193045711238
123.97222530809653,79.76569489616463,18.890080209942152
124.06177922133968,79.82331530349988,18.894149579074657
124.17519516304205,79.89628891819228,18.920554348664677
124.26560421763988,79.95445953703032,18.954349809123208
124.35089877591409,80.00933940786184,18.957325443924134
124.43631413803446,80.06429700580289,18.962221089151353
124.5239299319784,80.12067039645913,18.972484875090384
124.61794998889211,80.18116439142663,18.99181240849558
124.71446723546163,80.24326511780264,19.01153615508585
124.81871780925435,80.3103415894981,19.04009160922042
124.91920336931517,80.37499559167772,19.06171536666784
125.01915044759676,80.43930312614488,19.087473244976714
125.08909804043813,80.48430851614606,19.08100816511768
125.17310509716691,80.53835998807455,19.106119269824454
125.25892433713774,80.59357744742661,19.130650702607745
125.34743709360141,80.65052795798616,19.1546544058686
125.44369878764675,80.71246425781725,19.16633774810065
125.53473023558696,80.77103533439758,19.177770256741404
125.63316524911615,80.83436998243471,19.1938981522848
125.74646641336797,80.90726974749604,19.212262612460336
125.82958530623604,80.96074976071792,19.249133492035952
125.91681428463427,81.01687426812049,19.246927123235217
126.0093181346973,81.07639271156627,19.253635576504035
126.09095676713753,81.12892030176468,19.25533372372524
126.18240439975597,81.18775915816408,19.271661715373813
126.28634746792956,81.2546377758698,19.320271501655107
126.37959507569214,81.31463476480907,19.334725436002724
126.47592228278624,81.3766132167742,19.345179182883754
126.58360477375977,81.44589783838447,19.385002176223708
126.66212513823149,81.49641908554301,19.381535873802136
126.74470470775765,81.54955208957767,19.386698117052397
126.8338183165268,81.60688919803492,19.40150124845769
126.92463110296617,81.66531958433953,19.428570945549012
127.02300606847876,81.72861559653093,19.44867727995352
127.10960814708997,81.78433674667329,19.457620649826584
127.20267372763207,81.84421661641353,19.450095229760493
127.30873751331166,81.91245973737892,19.47791972900612
127.39485727676794,81.96787055830525,19.51206597672933
127.4820367543254,82.02396321608221,19.530288017169582
127.58449720159585,82.08988789199722,19.518050745469505
127.66605494898944,82.14236343947447,19.52008159562525
127.76340405285923,82.20499939602355,19.539217916216103
127.87124292435918,82.27438463534338,19.585459248833406
127.96693127236885,82.33595203524678,19.595734977699593
128.05950991930732,82.39551860418784,19.624369347092166
128.1820750564433,82.47437895624977,19.658154950540165
128.24766903903375,82.5165831644047,19.652543925549736
128.32621914744362,82.56712354928455,19.66605642425202
128.4180722434916,82.62622328728169,19.689012207370144
128.51825365494088,82.69068159542347,19.712423941536116
128.62364665074165,82.75849311954786,19.720551849809834
128.71389071632342,82.81655758183769,19.744041249487072
128.81126078029644,82.87920702444944,19.743148212823154
128.92151231042695,82.95014460657616,19.75342128289694
129.01792246517357,83.01217642837575,19.821897889315576
129.09507664582915,83.0618186512111,19.828468517242964
129.19319316065648,83.1249483721348,19.8263974793701
129.28041195248522,83.1810663253371,19.82539925656893
129.38325169181473,83.24723504377522,19.85043946503341
129.48379803839026,83.31192815696194,19.876753794624037
129.5814787914316,83.37477750184512,19.900730705573963
129.68161093452824,83.43920410994782,19.915801051187824
129.7791997007721,83.50199426906738,19.943329348642553
129.8615056213043,83.55495120300161,19.933985983552013
129.93933964734055,83.60503084913135,19.962939818966653
130.03407761150635,83.6659867570047,20.00017392362677
130.13903263265343,83.73351648129442,20.062655413037927
130.25962588926856,83.81110809417216,20.039572781215107
130.34024033611752,83.86297670712636,20.046686926391345
130.43327479091403,83.9228365500685,20.058718097304368
130.5544187329539,84.00078248267764,20.05715409649238
130.62909037129072,84.04882739843332,20.117044207352787
130.73203578211968,84.11506410758923,20.103430772855134
130.82144287998332,84.17259005158208,20.108973715667133
130.9088327204137,84.22881806016602,20.103048037746312
131.00554526310023,84.29104444315942,20.149048581332746
131.1056418848157,84.35544819624242,20.167600887063838
131.1916424182205,84.41078230266366,20.188225546973346
131.30017109236314,84.48061137193811,20.236284636729586
131.4256631403354,84.5613549448277,20.21940300102708
131.5076978101673,84.61413735176164,20.25415221106273
131.60164767881673,84.67458618648735,20.259810781131275
131.6891896171137,84.73091205724961,20.288448612738133
131.7859404412319,84.79316307112296,20.31102916906101
131.8821664020298,84.85507637961624,20.320018424929465
131.95735844568554,84.90345613240325,20.312776454957383
132.0505135715346,84.9633936170134,20.313446164905855
132.1760920384528,85.04419279322268,20.364536507092705
132.2886973344804,85.11664482563805,20.42389354829014
132.37169664511413,85.17004789775481,20.411498297874132
132.44614510323444,85.21794921582146,20.41506270656511
132.5249042659732,85.26862410957033,20.405699575427946
132.62688369874047,85.33423929312924,20.42789954120824
132.73369510150656,85.40296344277887,20.478160849223247
132.82649948327935,85.46267525309057,20.47800278490504
132.92692093414757,85.52728800639944,20.51211370577715
133.02888558665484,85.5928936801048,20.488715253265664
133.1192228903811,85.65101813329473,20.539724414828505
133.22465862471276,85.71885715606736,20.57649015762955
133.32473016134878,85.78324476901261,20.59675455679976
133.42511046497057,85.8478310475309,20.59394944649095
133.52267723719288,85.91060705534835,20.617647652783074
133.61659645289072,85.9710361674791,20.628017564197123
133.72817429884262,86.04282712222926,20.638982348064044
133.83547396803985,86.11186543024039,20.692677701232274
133.9225401038012,86.1678851621091,20.706443915133303
134.0069342712088,86.22218570718458,20.72599987541573
134.0912518914717,86.2764370006138,20.727863042453603
134.20012328739392,86.34648658251385,20.77247431246726
134.29617452866174,86.4082874736919,20.773825997436745
134.38566652620779,86.4658680434862,20.797681329716173
134.48927794058167,86.53253326987999,20.830628334008203
134.59806398764525,86.6025279369715,20.827557372619815
134.69840161239847,86.66708675522923,20.88853765702822
134.7875238225257,86.7244293979366,20.885766229849747
134.88509881110045,86.78721069228546,20.91253760459402
134.97891658313773,86.84757453395697,20.92020914960903
135.07478670268313,86.9092588885478,20.93486494936048
135.16426899025078,86.96683321078805,20.938846100415887
135.26089705547616,87.02900523964388,20.94714445846646
135.38675769106447,87.10998596764827,21.003882545351225
135.4968711629447,87.18083472090834,21.066891475816274
135.56646469398262,87.22561230193281,21.058059038782243
135.64459055355525,87.27587971838584,21.047572308029757
135.73295199345264,87.33273286946807,21.05430483526215
135.85962844514816,87.41423850648768,21.10851589649493
135.959379168,87.47841970275884,21.13743394244422
136.04418492698676,87.53298507238065,21.150325906906257
136.15497417180222,87.6042686286592,21.194004587834137
136.24225451555134,87.66042618534274,21.189319241396774
136.31957632605767,87.71017626388122,21.20336619591634
136.40758991536464,87.76680560237965,21.22436231221323
136.5329094181602,87.84743815696747,21.287293240510465
136.63532379424228,87.91333318994961,21.306279111285164
136.7203854446712,87.96806320418153,21.31015344999222
136.8044252257242,88.02213573145896,21.301143097540105
136.9089258230184,88.08937307223847,21.331149568840114
137.0163880467273,88.15851597039914,21.376183428245415
137.10267255811652,88.214032792757,21.413675250098965
137.18715029812128,88.26838710976624,21.40736606547836
137.2667566834583,88.31960711996447,21.410851721410417
137.36167964824688,88.38068206017103,21.437386940833804
137.47154832475968,88.45137330821134,21.481518244563684
137.5655877412998,88.51187975946935,21.496695927403568
137.65721661848258,88.57083523149444,21.5263681779618
137.76995523424566,88.64337304394095,21.553293700138788
137.84166622196602,88.68951303015955,21.553223035908704
137.9182296292709,88.73877514005648,21.565284025965024
138.01762497256829,88.80272767948902,21.608233888603664
138.11649184344603,88.86634019138977,21.64823794897711
138.2213247677819,88.93379135665576,21.65746606885881
138.31214811166126,88.99222853578459,21.66787943080609
138.39632923329114,89.04639200382962,21.67723419419897
138.50769765704248,89.11804821301631,21.71342170712779
138.61296458274722,89.18577862164254,21.755993384846725
138.69561813248896,89.23895922572059,21.791942781992308
138.77704382951626,89.29134980989899,21.79008329144752
138.85561243807825,89.34190209806997,21.790661532351066
138.9593432815266,89.40864416702338,21.814313710600942
139.0902969117463,89.4929018085047,21.875364508420823
139.18794339366596,89.55572910280495,21.90258768386088
139.28765222755553,89.61988334705377,21.951554982123714
139.40698367815114,89.69666309393716,21.949604603084882
139.48710239306067,89.7482127451035,21.958509082806103
139.5696289790327,89.80131165867957,21.994247991766024
139.66225371152228,89.86090787979477,22.02891938673626
139.76561786729215,89.92741401608335,22.050180733530286
139.86358424552807,89.99044713674427,22.049760266540705
139.96232656257274,90.05397950873444,22.085981113613695
140.0561983245909,90.11437808841548,22.10828750529771
140.1629657523339,90.18307394383818,22.132558157581506
140.2488020279765,90.23830236421149,22.182415899257464
140.34616077443545,90.30094452495531,22.18756391616762
140.43130736431806,90.35572919057817,22.1752407125222
140.5199974002866,90.41279376558128,22.194072199085582
140.61456819583412,90.47364211451577,22.225051574813957
140.71774136689743,90.54002536821677,22.25818164413832
140.81700533954236,90.60389338168913,22.287550287916016
140.93102694798185,90.67725669196086,22.3067610203315
141.02540963551655,90.73798400921812,22.3612448490396
141.12183188398538,90.80002361231027,22.35689661697932
141.22400219594718,90.86576161056867,22.41273191166766
141.30969730568685,90.92089920256235,22.454445169775244
141.40851947363825,90.98448295189168,22.44658989796132
141.51042407680345,91.05004998889846,22.467444398817708
141.60874624126234,91.11331202805496,22.475987677924582
141.69918420527665,91.17150124766982,22.486648586860692
141.80765086100993,91.2412904133166,22.52394917494424
141.88931754766688,91.29383605404276,22.571930150381036
141.98314512401873,91.35420620396567,22.572883866035472
142.06966853787426,91.40987673995728,22.604072696696957
142.1630914539475,91.46998652504251,22.606812505795833
142.2773328292575,91.54349123680234,22.661804115453833
142.37979268594387,91.6094155327262,22.690100303931487
142.47302198878543,91.66940074398914,22.72233939426935
142.5716743218294,91.7328752188469,22.73457570752192
142.6627691545479,91.79148707819833,22.72930187616648
142.75171998146797,91.84871945023355,22.773800200809006
142.8453058580044,91.90893408666395,22.798539847024895
142.93833728658055,91.96879198248794,22.834109115381004
143.03591439033505,92.03157463777697,22.85380781305739
143.13835079000955,92.09748384108757,22.88758271688047
143.2347168279707,92.15948727744806,22.90701782159357
143.33097979834812,92.22142439849145,22.920853617445072
143.4418983727675,92.29279116748721,22.931079984115947
143.52547499530948,92.34656569123693,22.984863635268333
143.62606608608382,92.41128759355043,22.97778099212656
143.7084466097906,92.46429252834974,22.980437420004264
143.79643879098418,92.52090809252867,22.99809359494132
143.90534693464292,92.5909813185049,23.040533415045676
144.01906712725625,92.66415069305621,23.091070930887888
144.11869038732218,92.72824987775046,23.094583450389795
144.22916999705114,92.79933420990622,23.1270611407638
144.31471714197437,92.85437659899155,23.1374779654067
144.40414122662463,92.91191347255217,23.154600974248833
144.4881345629703,92.96595611656868,23.1849745939074
144.57276977818086,93.02041175562154,23.205267515718436
144.67903544312549,93.08878476890612,23.22848685137673
144.78052523983237,93.15408491286237,23.26071069190056
144.86220691673662,93.20664019855126,23.2706385752356
144.95957394342477,93.26928768692578,23.276241621085816
145.05497243636123,93.33066858948045,23.318943633845706
145.14087331519372,93.3859385765702,23.358810604945916
145.2349700546409,93.44648191029528,23.358327647901554
145.3193931469278,93.5008010660966,23.360063195896476
145.40789685780095,93.55774575657982,23.38801231400356
145.51477721170554,93.62651427048493,23.4296281887751
145.61896346198878,93.69354935541477,23.470031232662343
145.70676213121507,93.7500404109265,23.489435238903706
145.80919163296028,93.81594517600004,23.496315804556126
145.90127893130028,93.8751956034643,23.542540125601878
145.98711149915505,93.93042163818816,23.568128381409817
146.080150980149,93.9902847150654,23.592911432208407
146.17010284389448,94.04816117006193,23.62041547557894
146.27887102417353,94.11814434138105,23.641091693290793
146.37123543540963,94.1775730676753,23.657596690355543
146.47025636899318,94.24128470596305,23.68732222331695
146.57296390412986,94.3073683621279,23.715667228604083
146.67422004168088,94.37251816607943,23.754404406324817
146.7719339866739,94.43538886719045,23.780571375854574
146.86826700442793,94.4973710578263,23.7726730303074
146.96162799637824,94.55744099994925,23.781119101723895
147.05745667395362,94.61909869011964,23.798050440507375
147.15437768209247,94.68145920308953,23.843719191250962
147.25370476421978,94.74536782220324,23.884957743923568
147.34547046611993,94.80441132942035,23.90936611841476
147.4648731104749,94.88123688349704,23.94150184561769
147.53727160739018,94.92781922402962,23.939741993135183
147.6221238882838,94.98241452658375,23.9654048733346
147.7275929387898,95.05027498551108,24.01843084814273
147.82683357671647,95.11412798505583,24.05161077609922
147.93233051576527,95.18200638791367,24.08641395842163
148.02541850184855,95.24190067373426,24.09509365194451
148.11419388930898,95.2990201652402,24.115310241667938
148.23535745654772,95.37697872501337,24.12645380758918
148.33168155171975,95.43895517471852,24.186338308614623
148.41699480788716,95.4938470760709,24.217691373516182
148.49443140585905,95.54367101068425,24.209806104619876
148.5734909531252,95.59453917659955,24.203780463470792
148.67666233135483,95.66092127676296,24.24666269767338
148.77139343618495,95.72187277123099,24.299201420061824
148.8690525148986,95.78470817050815,24.328802292474204
148.95954911014587,95.84293511438769,24.337263964648702
149.0684139803478,95.91298049753586,24.343252056219185
149.14915824192434,95.96493263534353,24.40682907172653
149.21906087260257,96.00990909597624,24.40001589224974
149.32199539679368,96.07613880049679,24.461764026944426
149.4111426323603,96.13349754496858,24.478645248612246
149.50863664697414,96.19622673938741,24.49341388873278
149.59024395865057,96.24873417730991,24.499048684617296
149.67231175228542,96.30153789662373,24.495776605137994
149.7945141998981,96.3801648884972,24.533299762353757
149.89345999753138,96.44382818312357,24.593422998234587
149.96101498933,96.48729413568779,24.59547653255195
150.04371759889997,96.54050630563698,24.616543346867637
150.1213800573555,96.59047556246573,24.632584747010817
150.21048882885657,96.647809558548,24.667222846671667
150.30890089876604,96.71112944429653,24.69657030190871
150.39182776935434,96.76448590733978,24.738009031600416
150.49972225691477,96.83390693091448,24.750010619275837
150.55523480156018,96.86962458209071,24.75748705297357
150.65319454108248,96.93265343129806,24.807385453283064
150.74924120154276,96.99445137511194,24.81239165708859
150.83978039763804,97.05270572905236,24.864764084728854
150.9256064483019,97.10792757051226,24.897363066591367
151.00736779589988,97.16053411758837,24.89198871821954
151.11428055418793,97.22932348098746,24.91216430240468
151.20433052336784,97.28726305857562,24.94772856870906
151.30412175680917,97.35147032000219,24.966470450895315
151.3878740631106,97.40535788146757,24.988010618280395
151.49257358919547,97.47272321618432,25.013923366787534
151.57003925578397,97.52256585400637,25.026401677823472
151.65114341037668,97.57474955268546,25.039763464354667
151.74976094249652,97.638201636077,25.07028093028175
151.8429385099999,97.69815356000326,25.093154113951584
151.94262727205398,97.76229488971498,25.12636519918549
152.07139494993675,97.84514605481232,25.19160339515765
152.1213394921877,97.87728116498734,25.18883409992436
152.19333814449897,97.9236062391636,25.19424463645776
152.28488173860663,97.98250683870631,25.224783602754986
152.36908730796446,98.03668603680704,25.257303797544335
152.47062375005916,98.1020161931452,25.295343732472855
152.55885862448505,98.15878790999683,25.320156070477275
152.66161126880084,98.22490059012254,25.361652584013903
152.7380880432517,98.27410695906794,25.358309183941717
152.82955560245838,98.33295863655009,25.392261197567713
152.9376510832207,98.4025089823369,25.44423309402897
153.00001591168478,98.44263550154034,25.436899953204417
153.0867871011669,98.4984654602977,25.478119716317718
153.1506250592876,98.53953981447336,25.487439790604018
153.2645486297605,98.61284004556335,25.548712284525106
153.35137385693457,98.66870477302827,25.57310742827688
153.4268787828795,98.71728583923978,25.596566711951713
153.5487600957886,98.79570620795454,25.634622833590193
153.63543624479746,98.85147501616487,25.67621396056113
153.701950243743,98.89427117742622,25.680747983320522
153.792352833357,98.9524376365912,25.710899408429555
153.88960752577364,99.01501284731478,25.7596594055123
153.9845041541302,99.0760708422435,25.780663479123742
154.08364852075422,99.1398618993061,25.812908994515023
154.16351198512754,99.19124731823135,25.826823325247737
154.26166116168812,99.25439805423197,25.85415886493601
154.36148262293852,99.31862476471008,25.90023045328998
154.434316089332,99.36548697149979,25.91885543521322
154.50213319371971,99.4091215714587,25.92387347423874
154.58745056893432,99.46401612307133,25.954445864463143
154.66308879593583,99.51268295729567,25.976811460329444
154.77439435070326,99.58429871558154,26.029632832705985
154.86845758377356,99.6448204907726,26.063209646429055
154.94317422206805,99.69289436021435,26.084071808480616
155.03823437747087,99.75405757103678,26.124121820029696
155.11572832065778,99.80391840247047,26.154527608479142
155.1829380902845,99.84716223361703,26.173424199445336
155.26371577983818,99.89913587951507,26.202359744924397
155.33801363646808,99.94694029819556,26.229730507944907
155.4204792793167,100.0,26.25800430452835
